INSERT INTO Customer VALUES
('er77743003','Harika','Gade','Guntur, Andra Pradesh','+91 42017 59007','harika.gade@Tezo.com',CAST('10/29/2000' AS DATE),30,'Manager'),
('ab13832585','Venkata','Rao','Vizag, Andhra Pradesh','+91 69661 66114','venkata.rao@Tezo.com',CAST('1/28/1998' AS DATE),56,'Administrator'),
('cd92116387','Loveleen','Verma','Ludhiana, Punjab','+91 63501 00815','loveleen.verma@Tezo.com',CAST('6/6/2002' AS DATE),25,'Representative'),
('ef13984375','Kiran','Nayadu','L.B.Nagar, Hyderabad','+91 12760 45517','kiran.nayadu@Tezo.com',CAST('7/15/1998' AS DATE),41,'Representative'),
('gh36292733','Shalini','Reddy','Miyapur, Hyderabad','+91 41256 90136','shalini.reddy@Tezo.com',CAST('8/8/1999' AS DATE),20,'Orchestrator'),
('fg51480073','Santosh','Sahoo','Miyapur, Hyderabad','+91 23590 53778','santosh.sahoo@Tezo.com',CAST('10/31/1998' AS DATE),22,'Officer'),
('jk91284405','Vasavi','Chiluka','Miyapur, Hyderabad','+91 41039 14771','vasavi.chiluka@Tezo.com',CAST('10/30/2002' AS DATE),44,'Officer'),
('ui23231942','Sridhar','Patro','Palasa, Andhra Pradesh','+91 93132 40102','sridhar.patro@Tezo.com',CAST('7/22/1999' AS DATE),39,'Assistant'),
('op64051972','Gayatri','Oruganti','Palasa, Andhra Pradesh','+91 09923 93312','gayatri.oruganti@Tezo.com',CAST('7/1/1997' AS DATE),29,'Architect'),
('iu45466245','Satya','Kirity','L.B.Nagar, Hyderabad','+91 03875 27903','satya.kirity@Tezo.com',CAST('10/15/2000' AS DATE),48,'Analyst');

select * from Customer;

INSERT INTO Agent VALUES (2287,'Chad','Robel','+91 42017 59007','Chad.Robel@gmail.com',4),
(4810,'Ora','Koepp','+91 69661 66114','Ora.Koepp@gmail.com',9),
(9354,'Carrie','Hammes','+91 63501 00815','Carrie.Hammes@gmail.com',0),
(1689,'Bryant','Block-Wyman','+91 12760 45517','Bryant.Block-Wyman@gmail.com',0),
(7858,'John','Cummings','+91 41256 90136','John.Cummings@gmail.com',0),
(6907,'Geneva','Roberts','+91 23590 53778','Geneva.Roberts@gmail.com',5),
(7210,'Faye','OKeefe','+91 41039 14771','Faye.OKeefe@gmail.com',9),
(2342,'Adam','Kreiger','+91 93132 40102','Adam.Kreiger@gmail.com',3),
(6612,'Sherri','Feil','+91 09923 93312','Sherri.Feil@gmail.com',7),
(4333,'Ismael','Champlin','+91 03875 27903','Ismael.Champlin@gmail.com',7);

SELECT * FROM Agent;

INSERT INTO LocationDetails VALUES(843075,'Andhra Pradesh',1),
(691603,'Andhra Pradesh',1),
(536950,'Punjab',1),
(790214,'Hyderabad',1),
(256171,'Hyderabad',1),
(404775,'Hyderabad',0),
(661859,'Hyderabad',0),
(851161,'Andhra Pradesh',0),
(356338,'Andhra Pradesh',0),
(437009,'Hyderabad',0);

SELECT * FROM LocationDetails;

INSERT INTO OccupantDetails VALUES ('Ku583276','Willie Cummerata','Owner'),
('Ux075733','Matthew Becker','Owner'),
('Ix358429','Beulah Bartoletti','Renter'),
('lJ368525','Lola Champlin','Industrial Occupant'),
('XD189027','Jonathon Goyette','Institutional Occupant'),
('jN013209','Miss Dianna Bode','Institutional Occupant'),
('nY008440','Dr. Ora Runte','Commercial Occupant'),
('oc532024','Kerry Treutel','Commercial Occupant'),
('Gr994511','Stuart Donnelly','Vacant'),
('DH060998','Max Kutch','Vacant'); 

SELECT * FROM OccupantDetails;

ALTER TABLE BuildingDetails DROP COLUMN HeatingType;

INSERT INTO BuildingDetails VALUES ('ZT666657','Residential Building','Fire-Resistive ','Flat Roof',5,2),
('Zu709298','Residential Building','Fire-Resistive ','Flat Roof',6,3),
('Zx103327','Industrial Building','Non-Combustible','Pitched   Roof',7,4),
('mv932627','Industrial Buildings','Non-Combustible','Pitched   Roof',8,5),
('CV431337','Institutional Building','Ordinary Construction','Metal Roof',9,6),
('Ht746866','Institutional Building','Ordinary Construction','Metal   Roof',10,7),
('Ih952256','Commercial Building','Heavy Timber ','Hip  Roof',11,8),
('Ju743595','Commercial Building','Heavy Timber ','Hip Roof',12,9),
('cp640092','Vacant ','Wood Frame','Shed  Roof',13,10),
('Za141339','Vacant ','Wood Frame','Shed  Roof',14,11);

SELECT * FROM BuildingDetails;

ALTER TABLE Property DROP COLUMN HomeValue;

DELETE FROM PROPERTY WHERE PropertyID IN ('rw369394', 'Kw441080','aX067201', 'QC253430','jo159713', 'yK625216','Bn227035',  'rH055776', 'zX605961', 'Kl167658');

INSERT INTO Property VALUES ('Kw441080',843075,'ZT666657','Ku583276','Low', '1998' ,195,5,425,821200,1408,'2003' ,'Hilllside'),
('rw369394',691603,'Zu709298','Ux075733','High', '2007' ,608,8,783,601823,95330,'2012' ,'Dibbertstad'),
('aX067201',536950,'Zx103327','Ix358429','Extreme', '1995' ,989,2,512,9221,47803,'2000' ,'Nicolaschester'),
('QC253430',790214,'mv932627','lJ368525','Extreme', '2007' ,874,0,965,182536,5356,'2012' ,'Barrettview'),
('jo159713',256171,'CV431337','XD189027','Moderate', '1997' ,732,8,894,995756,3035,'2002' ,'West Palm Beach'),
('yK625216',404775,'Ht746866','jN013209','Low', '1994' ,67,4,998,309984,8797,'1999' ,'Antwanfurt'),
('Bn227035',661859,'Ih952256','nY008440','Extreme', '2013' ,282,9,178,889770,6545,'2021' ,'Kohlerstead'),
('rH055776',851161,'Ju743595','oc532024','High', '2012' ,991,8,531,713854,44103,'2020' ,'South Kendall'),
('zX605961',356338,'cp640092','Gr994511','Moderate', '2004' ,387,6,697,964811,6789,'2012' ,'Jedidiahborough'),
('Kl167658',437009,'Za141339','DH060998','Low', '2014' ,577,8,609,407944,41498,'2022' ,'Allentown');

SELECT * FROM Property;

INSERT INTO UnderWriter VALUES (3928,'Melinda','Flatley','+91 45651 72588','Melinda.Flatley@gmail.com'),
(3882,'Alberta','Hahn','+91 98166 65866','Alberta.Hahn@gmail.com'),
(5419,'Lucy','Hansen','+91 67616 86246','Lucy.Hansen@gmail.com'),
(8589,'Kristy','Denesik','+91 62257 32308','Kristy.Denesik@gmail.com'),
(1741,'Henry','Bosco','+91 09005 93454','Henry.Bosco@gmail.com'),
(4621,'Doris','Reinger','+91 28518 37214','Doris.Reinger@gmail.com'),
(3118,'Chester','Veum','+91 42059 69740','Chester.Veum@gmail.com'),
(6840,'Charlotte','Mertz','+91 76619 53782','Charlotte.Mertz@gmail.com'),
(5131,'Irving','Wunsch','+91 49355 54036','Irving.Wunsch@gmail.com'),
(7939,'Simon','Schiller','+91 10137 51604','Simon.Schiller@gmail.com');

SELECT * FROM UnderWriter;

INSERT INTO Policy VALUES (74663460,2287,'Kw441080','er77743003',3928,24352726,'10/11/2002','10/11/2007',300000,30000,50000),
(27509392,4810,'rw369394','ab13832585',3882,50896541,'3/1/2008','3/1/2012',800000,6700,200000),
(32213937,9354,'aX067201','gh36292733',5419,88188608,'6/16/1999','6/16/2004',1000000,8500,300000),
(30188766,4333,'QC253430','jk91284405',7939,90439358,'11/22/2008','11/22/2012',1200000,10000,400000),
(15317922,7210,'jo159713','er77743003',7939,95001315,'1/30/2005','1/30/2010',300000,2500,40000),
(12980653,2287,'yK625216','gh36292733',5419,15237703,'3/29/2002','3/29/2012',600000,30000,100000),
(25132619,6907,'Bn227035','ab13832585',4621,26968579,'8/16/2016','8/16/2026',1000000,4500,300000),
(50839345,7210,'rH055776','op64051972',3118,88834289,'10/8/2015','10/8/2025',1500000,6250,300000),
(85266939,2342,'zX605961','iu45466245',6840,23436290,'11/6/2014','11/6/2024',400000,20000,50000),
(36305840,2287,'Kl167658','op64051972',5419,43790953,'7/3/2018','7/3/2028',300000,1250,25000);

SELECT * FROM POLICY;

ALTER TABLE Claim DROP COLUMN Description;

INSERT INTO Claim VALUES
(18461826,74663460,'10/11/2004','Approved',1),
(95103045,27509392,'03/01/2012','Approved',1),
(68143464,32213937,'06/16/2001','Approved',1),
(87877522,30188766,'11/22/2011','Approved',1),
(96523496,15317922,'01/30/2008','Approved',0),
(18623028,74663460,'03/29/2004','Approved',1),
(11342091,74663460,'08/16/2019','Decline',0),
(28973750,32213937,'10/08/2018','Decline',0),
(36810928,30188766,'11/06/2019','Decline',0),
(95885948,30188766,'07/03/2022','Decline',0);

SELECT * FROM Claim;

INSERT INTO ClaimSettlement VALUES (18461826,150000,'Cash','open'),
(95103045,300000,'Cash','open'),
(68143464,400000,'Cash','close'),
(87877522,600000,'Cash','open'),
(96523496,200000,'Cash','open'),
(18623028,100000,'Cash','open'),
(11342091,700000,'Cheque','close'),
(28973750,600000,'Cheque','open'),
(36810928,150000,'Cheque','open'),
(95885948,200000,'Cheque','open');

SELECT * FROM ClaimSettlement;

INSERT INTO Premium VALUES 
(108526,74663460,'10/11/2002',30000,'Cash','10/26/2002','Paid',0,'IyZZ728234','y',1),
(108527,74663460,'10/11/2003',30000,'Cash','10/26/2003','Paid',0,'IyZZ728235','y',2),
(108528,74663460,'10/11/2004',30000,'Online Payment','10/26/2004','Paid',0,'IyZZ728236','y',3),
(108529,74663460,'10/11/2005',30000,'Credit Card','10/26/2005','Paid',0,'IyZZ728237','y',4),
(108530,74663460,'10/11/2006',30000,'Credit Card','10/26/2006','Paid',0,'IyZZ728238','y',5),
(108531,74663460,'10/11/2007',30000,'Credit Card','10/26/2007','Paid',0,'IyZZ728239','y',6),
(131931,27509392,'03/01/2008',6700,'Cash ','03/16/2008','Paid',0,'LCgz146327','m',1),
(131932,27509392,'04/01/2008',6700,'Cash ','04/16/2008','Paid',0,'LCgz146328','m',2),
(131933,27509392,'05/01/2008',6700,'Online Payment','05/16/2008','Paid',0,'LCgz146329','m',3),
(131934,27509392,'06/20/2008',6700,'Credit Card','06/16/2008','Late',1000,'LCgz146330','m',4),
(131935,27509392,'07/21/2008',6700,'Credit Card','07/16/2008','Late',1250,'LCgz146331','m',5),
(131936,27509392,'08/24/2008',6700,'Credit Card','08/16/2008','Late',2000,'LCgz146332','m',6),
(131937,27509392,'09/01/2008',6700,'Cash ','09/16/2008','Paid',0,'LCgz146333','m',7),
(131938,27509392,'10/01/2008',6700,'Cash ','10/16/2008','Paid',0,'LCgz146334','m',8),
(131939,27509392,'11/01/2008',6700,'Online Payment','11/16/2008','Paid',0,'LCgz146335','m',9),
(131940,27509392,'12/01/2008',6700,'Credit Card','12/16/2008','Paid',0,'LCgz146336','m',10),
(131941,27509392,'01/01/2009',6700,'Credit Card','01/16/2009','Paid',0,'LCgz146337','m',11),
(131942,27509392,'02/01/2009',6700,'Credit Card','02/16/2009','Paid',0,'LCgz146338','m',12),
(131943,27509392,'03/01/2009',6700,'Cash ','03/16/2009','Paid',0,'LCgz146339','m',13),
(131944,27509392,'04/01/2009',6700,'Cash ','04/16/2009','Paid',0,'LCgz146340','m',14),
(131945,27509392,'05/01/2009',6700,'Online Payment','05/16/2009','Paid',0,'LCgz146341','m',15),
(131946,27509392,'06/01/2009',6700,'Credit Card','06/16/2009','Paid',0,'LCgz146342','m',16),
(131947,27509392,'07/01/2009',6700,'Credit Card','07/16/2009','Paid',0,'LCgz146343','m',17),
(131948,27509392,'08/01/2009',6700,'Credit Card','08/16/2009','Paid',0,'LCgz146344','m',18),
(131949,27509392,'09/01/2009',6700,'Cash ','09/16/2009','Paid',0,'LCgz146345','m',19),
(131950,27509392,'10/01/2009',6700,'Cash ','10/16/2009','Paid',0,'LCgz146346','m',20),
(131951,27509392,'11/01/2009',6700,'Online Payment','11/16/2009','Paid',0,'LCgz146347','m',21),
(131952,27509392,'12/01/2009',6700,'Credit Card','12/16/2009','Paid',0,'LCgz146348','m',22),
(131953,27509392,'01/01/2010',6700,'Credit Card','01/16/2010','Paid',0,'LCgz146349','m',23),
(131954,27509392,'02/01/2010',6700,'Credit Card','02/16/2010','Paid',0,'LCgz146350','m',24),
(131955,27509392,'03/01/2010',6700,'Cash ','03/16/2010','Paid',0,'LCgz146351','m',25),
(131956,27509392,'04/01/2010',6700,'Cash ','04/16/2010','Paid',0,'LCgz146352','m',26),
(131957,27509392,'05/01/2010',6700,'Online Payment','05/16/2010','Paid',0,'LCgz146353','m',27),
(131958,27509392,'06/01/2010',6700,'Credit Card','06/16/2010','Paid',0,'LCgz146354','m',28),
(131959,27509392,'07/01/2010',6700,'Credit Card','07/16/2010','Paid',0,'LCgz146355','m',29),
(131960,27509392,'08/01/2010',6700,'Credit Card','08/16/2010','Paid',0,'LCgz146356','m',30),
(131961,27509392,'09/01/2010',6700,'Cash ','09/16/2010','Paid',0,'LCgz146357','m',31),
(131962,27509392,'10/01/2010',6700,'Cash ','10/16/2010','Paid',0,'LCgz146358','m',32),
(131963,27509392,'11/01/2010',6700,'Online Payment','11/16/2010','Paid',0,'LCgz146359','m',33),
(131964,27509392,'12/01/2010',6700,'Credit Card','12/16/2010','Paid',0,'LCgz146360','m',34),
(131965,27509392,'01/01/2011',6700,'Credit Card','01/16/2011','Paid',0,'LCgz146361','m',35),
(131966,27509392,'02/01/2011',6700,'Credit Card','02/16/2011','Paid',0,'LCgz146362','m',36),
(131967,27509392,'03/01/2011',6700,'Cash ','03/16/2011','Paid',0,'LCgz146363','m',37),
(131968,27509392,'04/01/2011',6700,'Cash ','04/16/2011','Paid',0,'LCgz146364','m',38),
(131969,27509392,'05/01/2011',6700,'Online Payment','05/16/2011','Paid',0,'LCgz146365','m',39),
(131970,27509392,'06/01/2011',6700,'Credit Card','06/16/2011','Paid',0,'LCgz146366','m',40),
(131971,27509392,'07/01/2011',6700,'Credit Card','07/16/2011','Paid',0,'LCgz146367','m',41),
(131972,27509392,'08/01/2011',6700,'Credit Card','08/16/2011','Paid',0,'LCgz146368','m',42),
(131973,27509392,'09/01/2011',6700,'Cash ','09/16/2011','Paid',0,'LCgz146369','m',43),
(131974,27509392,'10/01/2011',6700,'Cash ','10/16/2011','Paid',0,'LCgz146370','m',44),
(131975,27509392,'11/01/2011',6700,'Online Payment','11/16/2011','Paid',0,'LCgz146371','m',45),
(131976,27509392,'12/01/2011',6700,'Credit Card','12/16/2011','Paid',0,'LCgz146372','m',46),
(131977,27509392,'01/01/2012',6700,'Credit Card','01/16/2012','Paid',0,'LCgz146373','m',47),
(131978,27509392,'02/20/2012',6700,'Credit Card','02/16/2012','Late',1000,'LCgz146374','m',48),
(131979,27509392,'03/21/2012',6700,'Cash ','03/16/2012','Late',1250,'LCgz146375','m',49),
(131980,27509392,'04/23/2012',6700,'Cash ','04/16/2012','Late',1750,'LCgz146376','m',50),
(131981,27509392,'05/24/2012',6700,'Online Payment','05/16/2012','Late',2000,'LCgz146377','m',51),
(131982,27509392,'06/01/2012',6700,'Credit Card','06/16/2012','Paid',0,'LCgz146378','m',52),
(131983,27509392,'07/01/2012',6700,'Credit Card','07/16/2012','Paid',0,'LCgz146379','m',53),
(131984,27509392,'08/01/2012',6700,'Credit Card','08/16/2012','Paid',0,'LCgz146380','m',54),
(131985,27509392,'09/01/2012',6700,'Cash ','09/16/2012','Paid',0,'LCgz146381','m',55),
(131986,27509392,'10/01/2012',6700,'Cash ','10/16/2012','Paid',0,'LCgz146382','m',56),
(131987,27509392,'11/01/2012',6700,'Online Payment','11/16/2012','Paid',0,'LCgz146383','m',57),
(131988,27509392,'12/01/2012',6700,'Credit Card','12/16/2012','Paid',0,'LCgz146384','m',58),
(131989,27509392,'01/01/2013',6700,'Credit Card','01/16/2013','Paid',0,'LCgz146385','m',59),
(131990,27509392,'02/01/2013',6700,'Credit Card','02/16/2013','Paid',0,'LCgz146386','m',60),
(893483,32213937,'06/16/1999',8500,'Credit Card','07/01/1999','Paid',0,'mKfd478376','m',1),
(893484,32213937,'07/16/1999',8500,'Credit Card','07/31/1999','Paid',0,'mKfd478377','m',2),
(893485,32213937,'08/16/1999',8500,'Cash ','08/31/1999','Paid',0,'mKfd478378','m',3),
(893486,32213937,'09/16/1999',8500,'Cash ','10/01/1999','Paid',0,'mKfd478379','m',4),
(893487,32213937,'10/16/1999',8500,'Online Payment','10/31/1999','Paid',0,'mKfd478380','m',5),
(893488,32213937,'11/16/1999',8500,'Credit Card','12/01/1999','Paid',0,'mKfd478381','m',6),
(893489,32213937,'12/16/1999',8500,'Credit Card','12/31/1999','Paid',0,'mKfd478382','m',7),
(893490,32213937,'01/16/2000',8500,'Credit Card','01/31/2000','Paid',0,'mKfd478383','m',8),
(893491,32213937,'02/16/2000',8500,'Credit Card','03/02/2000','Paid',0,'mKfd478384','m',9),
(893492,32213937,'03/16/2000',8500,'Credit Card','03/31/2000','Paid',0,'mKfd478385','m',10),
(893493,32213937,'04/16/2000',8500,'Cash ','05/01/2000','Paid',0,'mKfd478386','m',11),
(893494,32213937,'05/16/2000',8500,'Cash ','05/31/2000','Paid',0,'mKfd478387','m',12),
(893495,32213937,'06/16/2000',8500,'Online Payment','07/01/2000','Paid',0,'mKfd478388','m',13),
(893496,32213937,'07/16/2000',8500,'Credit Card','07/31/2000','Paid',0,'mKfd478389','m',14),
(893497,32213937,'08/16/2000',8500,'Credit Card','08/31/2000','Paid',0,'mKfd478390','m',15),
(893498,32213937,'09/16/2000',8500,'Credit Card','10/01/2000','Paid',0,'mKfd478391','m',16),
(893499,32213937,'10/16/2000',8500,'Credit Card','10/31/2000','Paid',0,'mKfd478392','m',17),
(893500,32213937,'11/16/2000',8500,'Credit Card','12/01/2000','Paid',0,'mKfd478393','m',18),
(893501,32213937,'12/16/2000',8500,'Cash ','12/31/2000','Paid',0,'mKfd478394','m',19),
(893502,32213937,'01/16/2001',8500,'Cash ','01/31/2001','Paid',0,'mKfd478395','m',20),
(893503,32213937,'02/16/2001',8500,'Online Payment','03/03/2001','Paid',0,'mKfd478396','m',21),
(893504,32213937,'03/16/2001',8500,'Credit Card','03/31/2001','Paid',0,'mKfd478397','m',22),
(893505,32213937,'04/16/2001',8500,'Credit Card','05/01/2001','Paid',0,'mKfd478398','m',23),
(893506,32213937,'05/16/2001',8500,'Credit Card','05/31/2001','Paid',0,'mKfd478399','m',24),
(893507,32213937,'06/16/2001',8500,'Credit Card','07/01/2001','Paid',0,'mKfd478400','m',25),
(893508,32213937,'07/16/2001',8500,'Credit Card','07/31/2001','Paid',0,'mKfd478401','m',26),
(893509,32213937,'08/16/2001',8500,'Cash ','08/31/2001','Paid',0,'mKfd478402','m',27),
(893510,32213937,'09/16/2001',8500,'Cash ','10/01/2001','Paid',0,'mKfd478403','m',28),
(893511,32213937,'10/16/2001',8500,'Online Payment','10/31/2001','Paid',0,'mKfd478404','m',29),
(893512,32213937,'11/16/2001',8500,'Credit Card','12/01/2001','Paid',0,'mKfd478405','m',30),
(893513,32213937,'12/16/2001',8500,'Credit Card','12/31/2001','Paid',0,'mKfd478406','m',31),
(893514,32213937,'01/16/2002',8500,'Credit Card','01/31/2002','Paid',0,'mKfd478407','m',32),
(893515,32213937,'02/16/2002',8500,'Credit Card','03/03/2002','Paid',0,'mKfd478408','m',33),
(893516,32213937,'03/16/2002',8500,'Credit Card','03/31/2002','Paid',0,'mKfd478409','m',34),
(893517,32213937,'04/16/2002',8500,'Cash ','05/01/2002','Paid',0,'mKfd478410','m',35),
(893518,32213937,'05/16/2002',8500,'Cash ','05/31/2002','Paid',0,'mKfd478411','m',36),
(893519,32213937,'06/16/2002',8500,'Online Payment','07/01/2002','Paid',0,'mKfd478412','m',37),
(893520,32213937,'07/16/2002',8500,'Credit Card','07/31/2002','Paid',0,'mKfd478413','m',38),
(893521,32213937,'08/16/2002',8500,'Credit Card','08/31/2002','Paid',0,'mKfd478414','m',39),
(893522,32213937,'09/16/2002',8500,'Credit Card','10/01/2002','Paid',0,'mKfd478415','m',40),
(893523,32213937,'10/16/2002',8500,'Credit Card','10/31/2002','Paid',0,'mKfd478416','m',41),
(893524,32213937,'11/16/2002',8500,'Credit Card','12/01/2002','Paid',0,'mKfd478417','m',42),
(893525,32213937,'12/16/2002',8500,'Cash ','12/31/2002','Paid',0,'mKfd478418','m',43),
(893526,32213937,'01/16/2003',8500,'Cash ','01/31/2003','Paid',0,'mKfd478419','m',44),
(893527,32213937,'02/16/2003',8500,'Online Payment','03/03/2003','Paid',0,'mKfd478420','m',45),
(893528,32213937,'03/16/2003',8500,'Credit Card','03/31/2003','Paid',0,'mKfd478421','m',46),
(893529,32213937,'04/16/2003',8500,'Credit Card','05/01/2003','Paid',0,'mKfd478422','m',47),
(893530,32213937,'05/16/2003',8500,'Credit Card','05/31/2003','Paid',0,'mKfd478423','m',48),
(893531,32213937,'06/16/2003',8500,'Credit Card','07/01/2003','Paid',0,'mKfd478424','m',49),
(893532,32213937,'07/16/2003',8500,'Credit Card','07/31/2003','Paid',0,'mKfd478425','m',50),
(893533,32213937,'08/16/2003',8500,'Cash ','08/31/2003','Paid',0,'mKfd478426','m',51),
(893534,32213937,'09/16/2003',8500,'Cash ','10/01/2003','Paid',0,'mKfd478427','m',52),
(893535,32213937,'10/16/2003',8500,'Online Payment','10/31/2003','Paid',0,'mKfd478428','m',53),
(893536,32213937,'11/16/2003',8500,'Credit Card','12/01/2003','Paid',0,'mKfd478429','m',54),
(893537,32213937,'12/16/2003',8500,'Credit Card','12/31/2003','Paid',0,'mKfd478430','m',55),
(893538,32213937,'01/16/2004',8500,'Credit Card','01/31/2004','Paid',0,'mKfd478431','m',56),
(893539,32213937,'02/16/2004',8500,'Credit Card','03/02/2004','Paid',0,'mKfd478432','m',57),
(893540,32213937,'03/16/2004',8500,'Credit Card','03/31/2004','Paid',0,'mKfd478433','m',58),
(893541,32213937,'04/16/2004',8500,'Cash ','05/01/2004','Paid',0,'mKfd478434','m',59),
(893542,32213937,'05/16/2004',8500,'Cash ','05/31/2004','Paid',0,'mKfd478435','m',60),
(769086,30188766,'11/22/2008',10000,'Credit Card','12/07/2008','Paid',0,'MALj519962','m',1),
(769087,30188766,'12/22/2008',10000,'Credit Card','01/06/2009','Paid',0,'MALj519963','m',2),
(769088,30188766,'01/22/2009',10000,'Cash ','02/06/2009','Paid',0,'MALj519964','m',3),
(769089,30188766,'02/22/2009',10000,'Cash ','03/09/2009','Paid',0,'MALj519965','m',4),
(769090,30188766,'03/22/2009',10000,'Online Payment','04/06/2009','Paid',0,'MALj519966','m',5),
(769091,30188766,'04/22/2009',10000,'Credit Card','05/07/2009','Paid',0,'MALj519967','m',6),
(769092,30188766,'05/22/2009',10000,'Credit Card','06/06/2009','Paid',0,'MALj519968','m',7),
(769093,30188766,'06/22/2009',10000,'Credit Card','07/07/2009','Paid',0,'MALj519969','m',8),
(769094,30188766,'07/22/2009',10000,'Credit Card','08/06/2009','Paid',0,'MALj519970','m',9),
(769095,30188766,'08/22/2009',10000,'Credit Card','09/06/2009','Paid',0,'MALj519971','m',10),
(769096,30188766,'09/22/2009',10000,'Cash ','10/07/2009','Paid',0,'MALj519972','m',11),
(769097,30188766,'10/22/2009',10000,'Cash ','11/06/2009','Paid',0,'MALj519973','m',12),
(769098,30188766,'11/22/2009',10000,'Credit Card','12/07/2009','Paid',0,'MALj519974','m',13),
(769099,30188766,'12/22/2009',10000,'Credit Card','01/06/2010','Paid',0,'MALj519975','m',14),
(769100,30188766,'01/22/2010',10000,'Cash ','02/06/2010','Paid',0,'MALj519976','m',15),
(769101,30188766,'02/22/2010',10000,'Cash ','03/09/2010','Paid',0,'MALj519977','m',16),
(769102,30188766,'03/22/2010',10000,'Online Payment','04/06/2010','Paid',0,'MALj519978','m',17),
(769103,30188766,'04/22/2010',10000,'Credit Card','05/07/2010','Paid',0,'MALj519979','m',18),
(769104,30188766,'05/22/2010',10000,'Credit Card','06/06/2010','Paid',0,'MALj519980','m',19),
(769105,30188766,'06/22/2010',10000,'Credit Card','07/07/2010','Paid',0,'MALj519981','m',20),
(769106,30188766,'07/22/2010',10000,'Credit Card','08/06/2010','Paid',0,'MALj519982','m',21),
(769107,30188766,'08/22/2010',10000,'Credit Card','09/06/2010','Paid',0,'MALj519983','m',22),
(769108,30188766,'09/22/2010',10000,'Cash ','10/07/2010','Paid',0,'MALj519984','m',23),
(769109,30188766,'10/22/2010',10000,'Cash ','11/06/2010','Paid',0,'MALj519985','m',24),
(769110,30188766,'11/22/2010',10000,'Credit Card','12/07/2010','Paid',0,'MALj519986','m',25),
(769111,30188766,'12/22/2010',10000,'Credit Card','01/06/2011','Paid',0,'MALj519987','m',26),
(769112,30188766,'01/22/2011',10000,'Cash ','02/06/2011','Paid',0,'MALj519988','m',27),
(769113,30188766,'02/22/2011',10000,'Cash ','03/09/2011','Paid',0,'MALj519989','m',28),
(769114,30188766,'03/22/2011',10000,'Online Payment','04/06/2011','Paid',0,'MALj519990','m',29),
(769115,30188766,'04/22/2011',10000,'Credit Card','05/07/2011','Paid',0,'MALj519991','m',30),
(769116,30188766,'05/22/2011',10000,'Credit Card','06/06/2011','Paid',0,'MALj519992','m',31),
(769117,30188766,'06/22/2011',10000,'Credit Card','07/07/2011','Paid',0,'MALj519993','m',32),
(769118,30188766,'07/22/2011',10000,'Credit Card','08/06/2011','Paid',0,'MALj519994','m',33),
(769119,30188766,'08/22/2011',10000,'Credit Card','09/06/2011','Paid',0,'MALj519995','m',34),
(769120,30188766,'09/22/2011',10000,'Cash ','10/07/2011','Paid',0,'MALj519996','m',35),
(769121,30188766,'10/22/2011',10000,'Cash ','11/06/2011','Paid',0,'MALj519997','m',36),
(769122,30188766,'11/22/2011',10000,'Credit Card','12/07/2011','Paid',0,'MALj519998','m',37),
(769123,30188766,'12/22/2011',10000,'Credit Card','01/06/2012','Paid',0,'MALj519999','m',38),
(769124,30188766,'01/22/2012',10000,'Cash ','02/06/2012','Paid',0,'MALj520000','m',39),
(769125,30188766,'02/22/2012',10000,'Cash ','03/08/2012','Paid',0,'MALj520001','m',40),
(769126,30188766,'03/22/2012',10000,'Online Payment','04/06/2012','Paid',0,'MALj520002','m',41),
(769127,30188766,'04/22/2012',10000,'Credit Card','05/07/2012','Paid',0,'MALj520003','m',42),
(769128,30188766,'05/22/2012',10000,'Credit Card','06/06/2012','Paid',0,'MALj520004','m',43),
(769129,30188766,'06/22/2012',10000,'Credit Card','07/07/2012','Paid',0,'MALj520005','m',44),
(769130,30188766,'07/22/2012',10000,'Credit Card','08/06/2012','Paid',0,'MALj520006','m',45),
(769131,30188766,'08/22/2012',10000,'Credit Card','09/06/2012','Paid',0,'MALj520007','m',46),
(769132,30188766,'09/22/2012',10000,'Cash ','10/07/2012','Paid',0,'MALj520008','m',47),
(769133,30188766,'10/22/2012',10000,'Cash ','11/06/2012','Paid',0,'MALj520009','m',48),
(769134,30188766,'11/22/2012',10000,'Credit Card','12/07/2012','Paid',0,'MALj520010','m',49),
(769135,30188766,'12/22/2012',10000,'Credit Card','01/06/2013','Paid',0,'MALj520011','m',50),
(769136,30188766,'01/22/2013',10000,'Cash ','02/06/2013','Paid',0,'MALj520012','m',51),
(769137,30188766,'02/22/2013',10000,'Cash ','03/09/2013','Paid',0,'MALj520013','m',52),
(769138,30188766,'03/22/2013',10000,'Online Payment','04/06/2013','Paid',0,'MALj520014','m',53),
(769139,30188766,'04/22/2013',10000,'Credit Card','05/07/2013','Paid',0,'MALj520015','m',54),
(769140,30188766,'05/22/2013',10000,'Credit Card','06/06/2013','Paid',0,'MALj520016','m',55),
(769141,30188766,'06/22/2013',10000,'Credit Card','07/07/2013','Paid',0,'MALj520017','m',56),
(769142,30188766,'07/22/2013',10000,'Credit Card','08/06/2013','Paid',0,'MALj520018','m',57),
(769143,30188766,'08/22/2013',10000,'Credit Card','09/06/2013','Paid',0,'MALj520019','m',58),
(769144,30188766,'09/22/2013',10000,'Cash ','10/07/2013','Paid',0,'MALj520020','m',59),
(769145,30188766,'10/22/2013',10000,'Cash ','11/06/2013','Paid',0,'MALj520021','m',60),
(459608,15317922,'01/30/2005',2500,'Cash ','02/14/2005','Paid',0,'gNZu185420','m',1),
(459609,15317922,'02/28/2005',2500,'Online Payment','03/15/2005','Paid',0,'gNZu185421','m',2),
(459610,15317922,'03/30/2005',2500,'Credit Card','04/14/2005','Paid',0,'gNZu185422','m',3),
(459611,15317922,'04/30/2005',2500,'Credit Card','05/15/2005','Paid',0,'gNZu185423','m',4),
(459612,15317922,'05/30/2005',2500,'Credit Card','06/14/2005','Paid',0,'gNZu185424','m',5),
(459613,15317922,'06/30/2005',2500,'Cash ','07/15/2005','Paid',0,'gNZu185425','m',6),
(459614,15317922,'07/30/2005',2500,'Cash ','08/14/2005','Paid',0,'gNZu185426','m',7),
(459615,15317922,'08/30/2005',2500,'Online Payment','09/14/2005','Paid',0,'gNZu185427','m',8),
(459616,15317922,'09/30/2005',2500,'Credit Card','10/15/2005','Paid',0,'gNZu185428','m',9),
(459617,15317922,'10/30/2005',2500,'Credit Card','11/14/2005','Paid',0,'gNZu185429','m',10),
(459618,15317922,'11/30/2005',2500,'Credit Card','12/15/2005','Paid',0,'gNZu185430','m',11),
(459619,15317922,'12/30/2005',2500,'Cash ','01/14/2006','Paid',0,'gNZu185431','m',12),
(459620,15317922,'01/30/2006',2500,'Cash ','02/14/2006','Paid',0,'gNZu185432','m',13),
(459621,15317922,'02/28/2006',2500,'Online Payment','03/15/2006','Paid',0,'gNZu185433','m',14),
(459622,15317922,'03/30/2006',2500,'Credit Card','04/14/2006','Paid',0,'gNZu185434','m',15),
(459623,15317922,'04/30/2006',2500,'Credit Card','05/15/2006','Paid',0,'gNZu185435','m',16),
(459624,15317922,'05/30/2006',2500,'Credit Card','06/14/2006','Paid',0,'gNZu185436','m',17),
(459625,15317922,'06/30/2006',2500,'Cash ','07/15/2006','Paid',0,'gNZu185437','m',18),
(459626,15317922,'07/30/2006',2500,'Online Payment','08/14/2006','Paid',0,'gNZu185438','m',19),
(459627,15317922,'08/30/2006',2500,'Credit Card','09/14/2006','Paid',0,'gNZu185439','m',20),
(459628,15317922,'09/30/2006',2500,'Credit Card','10/15/2006','Paid',0,'gNZu185440','m',21),
(459629,15317922,'10/30/2006',2500,'Credit Card','11/14/2006','Paid',0,'gNZu185441','m',22),
(459630,15317922,'11/30/2006',2500,'Cash ','12/15/2006','Paid',0,'gNZu185442','m',23),
(459631,15317922,'12/30/2006',2500,'Cash ','01/14/2007','Paid',0,'gNZu185443','m',24),
(459632,15317922,'01/30/2007',2500,'Online Payment','02/14/2007','Paid',0,'gNZu185444','m',25),
(459633,15317922,'02/28/2007',2500,'Credit Card','03/15/2007','Paid',0,'gNZu185445','m',26),
(459634,15317922,'03/30/2007',2500,'Credit Card','04/14/2007','Paid',0,'gNZu185446','m',27),
(459635,15317922,'04/30/2007',2500,'Credit Card','05/15/2007','Paid',0,'gNZu185447','m',28),
(459636,15317922,'05/30/2007',2500,'Cash ','06/14/2007','Paid',0,'gNZu185448','m',29),
(459637,15317922,'06/30/2007',2500,'Cash ','07/15/2007','Paid',0,'gNZu185449','m',30),
(459638,15317922,'07/30/2007',2500,'Online Payment','08/14/2007','Paid',0,'gNZu185450','m',31),
(459639,15317922,'08/30/2007',2500,'Credit Card','09/14/2007','Paid',0,'gNZu185451','m',32),
(459640,15317922,'09/30/2007',2500,'Credit Card','10/15/2007','Paid',0,'gNZu185452','m',33),
(459641,15317922,'10/30/2007',2500,'Credit Card','11/14/2007','Paid',0,'gNZu185453','m',34),
(459642,15317922,'11/30/2007',2500,'Cash ','12/15/2007','Paid',0,'gNZu185454','m',35),
(459643,15317922,'12/30/2007',2500,'Online Payment','01/14/2008','Paid',0,'gNZu185455','m',36),
(459644,15317922,'01/30/2008',2500,'Credit Card','02/14/2008','Paid',0,'gNZu185456','m',37),
(459645,15317922,'02/29/2008',2500,'Credit Card','03/15/2008','Paid',0,'gNZu185457','m',38),
(459646,15317922,'03/30/2008',2500,'Credit Card','04/14/2008','Paid',0,'gNZu185458','m',39),
(459647,15317922,'04/30/2008',2500,'Cash ','05/15/2008','Paid',0,'gNZu185459','m',40),
(459648,15317922,'05/30/2008',2500,'Cash ','06/14/2008','Paid',0,'gNZu185460','m',41),
(459649,15317922,'06/30/2008',2500,'Online Payment','07/15/2008','Paid',0,'gNZu185461','m',42),
(459650,15317922,'07/30/2008',2500,'Credit Card','08/14/2008','Paid',0,'gNZu185462','m',43),
(459651,15317922,'08/30/2008',2500,'Credit Card','09/14/2008','Paid',0,'gNZu185463','m',44),
(459652,15317922,'09/30/2008',2500,'Credit Card','10/15/2008','Paid',0,'gNZu185464','m',45),
(459653,15317922,'10/30/2008',2500,'Cash ','11/14/2008','Paid',0,'gNZu185465','m',46),
(459654,15317922,'11/30/2008',2500,'Cash ','12/15/2008','Paid',0,'gNZu185466','m',47),
(459655,15317922,'12/30/2008',2500,'Online Payment','01/14/2009','Paid',0,'gNZu185467','m',48),
(459656,15317922,'01/30/2009',2500,'Credit Card','02/14/2009','Paid',0,'gNZu185468','m',49),
(459657,15317922,'02/28/2009',2500,'Credit Card','03/15/2009','Paid',0,'gNZu185469','m',50),
(459658,15317922,'03/30/2009',2500,'Credit Card','04/14/2009','Paid',0,'gNZu185470','m',51),
(459659,15317922,'04/30/2009',2500,'Cash ','05/15/2009','Paid',0,'gNZu185471','m',52),
(459660,15317922,'05/30/2009',2500,'Online Payment','06/14/2009','Paid',0,'gNZu185472','m',53),
(459661,15317922,'06/30/2009',2500,'Credit Card','07/15/2009','Paid',0,'gNZu185473','m',54),
(459662,15317922,'07/30/2009',2500,'Credit Card','08/14/2009','Paid',0,'gNZu185474','m',55),
(459663,15317922,'08/30/2009',2500,'Credit Card','09/14/2009','Paid',0,'gNZu185475','m',56),
(459664,15317922,'09/30/2009',2500,'Cash ','10/15/2009','Paid',0,'gNZu185476','m',57),
(459665,15317922,'10/30/2009',2500,'Cash ','11/14/2009','Paid',0,'gNZu185477','m',58),
(459666,15317922,'11/30/2009',2500,'Online Payment','12/15/2009','Paid',0,'gNZu185478','m',59),
(459667,15317922,'12/30/2009',2500,'Credit Card','01/14/2010','Paid',0,'gNZu185479','m',60),
(892405,12980653,'03/29/2002',30000,'Cash ','04/13/2002','Paid',0,'CsvJ047928','y',1),
(892406,12980653,'03/29/2003',30000,'Online Payment','04/13/2003','Paid',0,'CsvJ047929','y',2),
(892407,12980653,'03/29/2004',30000,'Credit Card','04/13/2004','Paid',0,'CsvJ047930','y',3),
(892408,12980653,'03/29/2005',30000,'Credit Card','04/13/2005','Paid',0,'CsvJ047931','y',4),
(892409,12980653,'03/29/2006',30000,'Credit Card','04/13/2006','Paid',0,'CsvJ047932','y',5),
(892410,12980653,'03/29/2007',30000,'Cash ','04/13/2007','Paid',0,'CsvJ047933','y',6),
(892411,12980653,'03/29/2008',30000,'Cash ','04/13/2008','Paid',0,'CsvJ047934','y',7),
(892412,12980653,'03/29/2009',30000,'Online Payment','04/13/2009','Paid',0,'CsvJ047935','y',8),
(892413,12980653,'03/29/2010',30000,'Credit Card','04/13/2010','Paid',0,'CsvJ047936','y',9),
(892414,12980653,'03/29/2011',30000,'Credit Card','04/13/2011','Paid',0,'CsvJ047937','y',10),
(244099,25132619,'08/16/2016',13500,'Credit Card','08/31/2016','Paid',0,'nhdd292727','q',1),
(244100,25132619,'10/16/2016',13500,'Cash ','10/31/2016','Paid',0,'nhdd292728','q',2),
(244101,25132619,'01/16/2017',13500,'Online Payment','01/31/2017','Paid',0,'nhdd292729','q',3),
(244102,25132619,'04/16/2017',13500,'Credit Card','05/01/2017','Paid',0,'nhdd292730','q',4),
(244103,25132619,'07/16/2017',13500,'Credit Card','07/31/2017','Paid',0,'nhdd292731','q',5),
(244104,25132619,'10/16/2017',13500,'Credit Card','10/31/2017','Paid',0,'nhdd292732','q',6),
(244105,25132619,'01/16/2018',13500,'Cash ','01/31/2018','Paid',0,'nhdd292733','q',7),
(244106,25132619,'04/16/2018',13500,'Cash ','05/01/2018','Paid',0,'nhdd292734','q',8),
(244107,25132619,'07/16/2018',13500,'Online Payment','07/31/2018','Paid',0,'nhdd292735','q',9),
(244108,25132619,'10/16/2018',13500,'Credit Card','10/31/2018','Paid',0,'nhdd292736','q',10),
(244109,25132619,'01/16/2019',13500,'Credit Card','01/31/2019','Paid',0,'nhdd292737','q',11),
(244110,25132619,'04/16/2019',13500,'Credit Card','05/01/2019','Paid',0,'nhdd292738','q',12),
(244111,25132619,'07/16/2019',13500,'Cash ','07/31/2019','Paid',0,'nhdd292739','q',13),
(244112,25132619,'10/16/2019',13500,'Cash ','10/31/2019','Paid',0,'nhdd292740','q',14),
(244113,25132619,'01/16/2020',13500,'Online Payment','01/31/2020','Paid',0,'nhdd292741','q',15),
(244114,25132619,'04/16/2020',13500,'Credit Card','05/01/2020','Paid',0,'nhdd292742','q',16),
(244115,25132619,'07/16/2020',13500,'Credit Card','07/31/2020','Paid',0,'nhdd292743','q',17),
(244116,25132619,'10/16/2020',13500,'Credit Card','10/31/2020','Paid',0,'nhdd292744','q',18),
(244117,25132619,'01/16/2021',13500,'Cash ','01/31/2021','Paid',0,'nhdd292745','q',19),
(244118,25132619,'04/16/2021',13500,'Online Payment','05/01/2021','Paid',0,'nhdd292746','q',20),
(244119,25132619,'07/16/2021',13500,'Credit Card','07/31/2021','Paid',0,'nhdd292747','q',21),
(244120,25132619,'10/16/2021',13500,'Credit Card','10/31/2021','Paid',0,'nhdd292748','q',22),
(244121,25132619,'01/16/2022',13500,'Credit Card','01/31/2022','Paid',0,'nhdd292749','q',23),
(244122,25132619,'04/16/2022',13500,'Cash ','05/01/2022','Paid',0,'nhdd292750','q',24),
(244123,25132619,'07/16/2022',13500,'Cash ','07/31/2022','Paid',0,'nhdd292751','q',25),
(244124,25132619,'10/16/2022',13500,'Online Payment','10/31/2022','Paid',0,'nhdd292752','q',26),
(244125,25132619,'01/16/2023',13500,'Credit Card','01/31/2023','Paid',0,'nhdd292753','q',27),
(244126,25132619,'04/16/2023',13500,'Credit Card','05/01/2023','Paid',0,'nhdd292754','q',28),
(244127,25132619,'07/16/2023',13500,'Credit Card','07/31/2023','Paid',0,'nhdd292755','q',29),
(244128,25132619,'10/16/2023',13500,'Cash ','10/31/2023','Paid',0,'nhdd292756','q',30),
(244129,25132619,'01/16/2024',13500,'Cash ','01/31/2024','Paid',0,'nhdd292757','q',31),
(979320,50839345,'10/08/2015',6250,'Cash ','10/23/2015','Paid',0,'lXpz573637','m',1),
(979321,50839345,'11/08/2015',6250,'Cash ','11/23/2015','Paid',0,'lXpz573638','m',2),
(979322,50839345,'12/08/2015',6250,'Online Payment','12/23/2015','Paid',0,'lXpz573639','m',3),
(979323,50839345,'01/08/2016',6250,'Credit Card','01/23/2016','Paid',0,'lXpz573640','m',4),
(979324,50839345,'02/08/2016',6250,'Credit Card','02/23/2016','Paid',0,'lXpz573641','m',5),
(979325,50839345,'03/08/2016',6250,'Credit Card','03/23/2016','Paid',0,'lXpz573642','m',6),
(979326,50839345,'04/08/2016',6250,'Cash ','04/23/2016','Paid',0,'lXpz573643','m',7),
(979327,50839345,'05/08/2016',6250,'Cash ','05/23/2016','Paid',0,'lXpz573644','m',8),
(979328,50839345,'06/08/2016',6250,'Online Payment','06/23/2016','Paid',0,'lXpz573645','m',9),
(979329,50839345,'07/08/2016',6250,'Credit Card','07/23/2016','Paid',0,'lXpz573646','m',10),
(979330,50839345,'08/08/2016',6250,'Credit Card','08/23/2016','Paid',0,'lXpz573647','m',11),
(979331,50839345,'09/08/2016',6250,'Credit Card','09/23/2016','Paid',0,'lXpz573648','m',12),
(979332,50839345,'10/08/2016',6250,'Cash ','10/23/2016','Paid',0,'lXpz573649','m',13),
(979333,50839345,'11/08/2016',6250,'Cash ','11/23/2016','Paid',0,'lXpz573650','m',14),
(979334,50839345,'12/08/2016',6250,'Online Payment','12/23/2016','Paid',0,'lXpz573651','m',15),
(979335,50839345,'01/08/2017',6250,'Credit Card','01/23/2017','Paid',0,'lXpz573652','m',16),
(979336,50839345,'02/08/2017',6250,'Credit Card','02/23/2017','Paid',0,'lXpz573653','m',17),
(979337,50839345,'03/08/2017',6250,'Credit Card','03/23/2017','Paid',0,'lXpz573654','m',18),
(979338,50839345,'04/08/2017',6250,'Cash ','04/23/2017','Paid',0,'lXpz573655','m',19),
(979339,50839345,'05/08/2017',6250,'Online Payment','05/23/2017','Paid',0,'lXpz573656','m',20),
(979340,50839345,'06/08/2017',6250,'Credit Card','06/23/2017','Paid',0,'lXpz573657','m',21),
(979341,50839345,'07/08/2017',6250,'Credit Card','07/23/2017','Paid',0,'lXpz573658','m',22),
(979342,50839345,'08/08/2017',6250,'Credit Card','08/23/2017','Paid',0,'lXpz573659','m',23),
(979343,50839345,'09/08/2017',6250,'Cash ','09/23/2017','Paid',0,'lXpz573660','m',24),
(979344,50839345,'10/08/2017',6250,'Cash ','10/23/2017','Paid',0,'lXpz573661','m',25),
(979345,50839345,'11/08/2017',6250,'Online Payment','11/23/2017','Paid',0,'lXpz573662','m',26),
(979346,50839345,'12/08/2017',6250,'Credit Card','12/23/2017','Paid',0,'lXpz573663','m',27),
(979347,50839345,'01/08/2018',6250,'Credit Card','01/23/2018','Paid',0,'lXpz573664','m',28),
(979348,50839345,'02/08/2018',6250,'Credit Card','02/23/2018','Paid',0,'lXpz573665','m',29),
(979349,50839345,'03/08/2018',6250,'Cash ','03/23/2018','Paid',0,'lXpz573666','m',30),
(979350,50839345,'04/08/2018',6250,'Cash ','04/23/2018','Paid',0,'lXpz573667','m',31),
(979351,50839345,'05/08/2018',6250,'Online Payment','05/23/2018','Paid',0,'lXpz573668','m',32),
(979352,50839345,'06/08/2018',6250,'Credit Card','06/23/2018','Paid',0,'lXpz573669','m',33),
(979353,50839345,'07/08/2018',6250,'Credit Card','07/23/2018','Paid',0,'lXpz573670','m',34),
(979354,50839345,'08/08/2018',6250,'Credit Card','08/23/2018','Paid',0,'lXpz573671','m',35),
(979355,50839345,'09/08/2018',6250,'Cash ','09/23/2018','Paid',0,'lXpz573672','m',36),
(979356,50839345,'10/08/2018',6250,'Online Payment','10/23/2018','Paid',0,'lXpz573673','m',37),
(979357,50839345,'11/08/2018',6250,'Credit Card','11/23/2018','Paid',0,'lXpz573674','m',38),
(979358,50839345,'12/08/2018',6250,'Credit Card','12/23/2018','Paid',0,'lXpz573675','m',39),
(979359,50839345,'01/08/2019',6250,'Credit Card','01/23/2019','Paid',0,'lXpz573676','m',40),
(979360,50839345,'02/08/2019',6250,'Cash ','02/23/2019','Paid',0,'lXpz573677','m',41),
(979361,50839345,'03/08/2019',6250,'Cash ','03/23/2019','Paid',0,'lXpz573678','m',42),
(979362,50839345,'04/08/2019',6250,'Online Payment','04/23/2019','Paid',0,'lXpz573679','m',43),
(979363,50839345,'05/08/2019',6250,'Credit Card','05/23/2019','Paid',0,'lXpz573680','m',44),
(979364,50839345,'06/08/2019',6250,'Credit Card','06/23/2019','Paid',0,'lXpz573681','m',45),
(979365,50839345,'07/08/2019',6250,'Credit Card','07/23/2019','Paid',0,'lXpz573682','m',46),
(979366,50839345,'08/08/2019',6250,'Cash ','08/23/2019','Paid',0,'lXpz573683','m',47),
(979367,50839345,'09/08/2019',6250,'Cash ','09/23/2019','Paid',0,'lXpz573684','m',48),
(979368,50839345,'10/08/2019',6250,'Online Payment','10/23/2019','Paid',0,'lXpz573685','m',49),
(979369,50839345,'11/08/2019',6250,'Credit Card','11/23/2019','Paid',0,'lXpz573686','m',50),
(979370,50839345,'12/08/2019',6250,'Credit Card','12/23/2019','Paid',0,'lXpz573687','m',51),
(979371,50839345,'01/08/2020',6250,'Credit Card','01/23/2020','Paid',0,'lXpz573688','m',52),
(979372,50839345,'02/08/2020',6250,'Cash ','02/23/2020','Paid',0,'lXpz573689','m',53),
(979373,50839345,'03/08/2020',6250,'Online Payment','03/23/2020','Paid',0,'lXpz573690','m',54),
(979374,50839345,'04/08/2020',6250,'Credit Card','04/23/2020','Paid',0,'lXpz573691','m',55),
(979375,50839345,'05/08/2020',6250,'Credit Card','05/23/2020','Paid',0,'lXpz573692','m',56),
(979376,50839345,'06/08/2020',6250,'Credit Card','06/23/2020','Paid',0,'lXpz573693','m',57),
(979377,50839345,'07/08/2020',6250,'Cash ','07/23/2020','Paid',0,'lXpz573694','m',58),
(979378,50839345,'08/08/2020',6250,'Cash ','08/23/2020','Paid',0,'lXpz573695','m',59),
(979379,50839345,'09/08/2020',6250,'Online Payment','09/23/2020','Paid',0,'lXpz573696','m',60),
(979380,50839345,'10/08/2020',6250,'Credit Card','10/23/2020','Paid',0,'lXpz573697','m',61),
(979381,50839345,'11/08/2020',6250,'Credit Card','11/23/2020','Paid',0,'lXpz573698','m',62),
(979382,50839345,'12/08/2020',6250,'Credit Card','12/23/2020','Paid',0,'lXpz573699','m',63),
(979383,50839345,'01/08/2021',6250,'Cash ','01/23/2021','Paid',0,'lXpz573700','m',64),
(979384,50839345,'02/08/2021',6250,'Cash ','02/23/2021','Paid',0,'lXpz573701','m',65),
(979385,50839345,'03/08/2021',6250,'Online Payment','03/23/2021','Paid',0,'lXpz573702','m',66),
(979386,50839345,'04/08/2021',6250,'Credit Card','04/23/2021','Paid',0,'lXpz573703','m',67),
(979387,50839345,'05/08/2021',6250,'Credit Card','05/23/2021','Paid',0,'lXpz573704','m',68),
(979388,50839345,'06/08/2021',6250,'Credit Card','06/23/2021','Paid',0,'lXpz573705','m',69),
(979389,50839345,'07/08/2021',6250,'Cash ','07/23/2021','Paid',0,'lXpz573706','m',70),
(979390,50839345,'08/08/2021',6250,'Online Payment','08/23/2021','Paid',0,'lXpz573707','m',71),
(979391,50839345,'09/08/2021',6250,'Credit Card','09/23/2021','Paid',0,'lXpz573708','m',72),
(979392,50839345,'10/08/2021',6250,'Credit Card','10/23/2021','Paid',0,'lXpz573709','m',73),
(979393,50839345,'11/08/2021',6250,'Credit Card','11/23/2021','Paid',0,'lXpz573710','m',74),
(979394,50839345,'12/08/2021',6250,'Cash ','12/23/2021','Paid',0,'lXpz573711','m',75),
(979395,50839345,'01/08/2022',6250,'Cash ','01/23/2022','Paid',0,'lXpz573712','m',76),
(979396,50839345,'02/08/2022',6250,'Online Payment','02/23/2022','Paid',0,'lXpz573713','m',77),
(979397,50839345,'03/08/2022',6250,'Credit Card','03/23/2022','Paid',0,'lXpz573714','m',78),
(979398,50839345,'04/08/2022',6250,'Credit Card','04/23/2022','Paid',0,'lXpz573715','m',79),
(979399,50839345,'05/08/2022',6250,'Credit Card','05/23/2022','Paid',0,'lXpz573716','m',80),
(979400,50839345,'06/08/2022',6250,'Cash ','06/23/2022','Paid',0,'lXpz573717','m',81),
(979401,50839345,'07/08/2022',6250,'Cash ','07/23/2022','Paid',0,'lXpz573718','m',82),
(979402,50839345,'08/08/2022',6250,'Online Payment','08/23/2022','Paid',0,'lXpz573719','m',83),
(979403,50839345,'09/08/2022',6250,'Credit Card','09/23/2022','Paid',0,'lXpz573720','m',84),
(979404,50839345,'10/08/2022',6250,'Credit Card','10/23/2022','Paid',0,'lXpz573721','m',85),
(979405,50839345,'11/08/2022',6250,'Credit Card','11/23/2022','Paid',0,'lXpz573722','m',86),
(979406,50839345,'12/08/2022',6250,'Cash ','12/23/2022','Paid',0,'lXpz573723','m',87),
(979407,50839345,'01/08/2023',6250,'Online Payment','01/23/2023','Paid',0,'lXpz573724','m',88),
(979408,50839345,'02/08/2023',6250,'Credit Card','02/23/2023','Paid',0,'lXpz573725','m',89),
(979409,50839345,'03/08/2023',6250,'Credit Card','03/23/2023','Paid',0,'lXpz573726','m',90),
(979410,50839345,'04/08/2023',6250,'Credit Card','04/23/2023','Paid',0,'lXpz573727','m',91),
(979411,50839345,'05/08/2023',6250,'Cash ','05/23/2023','Paid',0,'lXpz573728','m',92),
(979412,50839345,'06/08/2023',6250,'Cash ','06/23/2023','Paid',0,'lXpz573729','m',93),
(979413,50839345,'07/08/2023',6250,'Online Payment','07/23/2023','Paid',0,'lXpz573730','m',94),
(979414,50839345,'08/08/2023',6250,'Credit Card','08/23/2023','Paid',0,'lXpz573731','m',95),
(979415,50839345,'09/08/2023',6250,'Credit Card','09/23/2023','Paid',0,'lXpz573732','m',96),
(979416,50839345,'10/08/2023',6250,'Credit Card','10/23/2023','Paid',0,'lXpz573733','m',97),
(979417,50839345,'11/08/2023',6250,'Cash ','11/23/2023','Paid',0,'lXpz573734','m',98),
(979418,50839345,'12/08/2023',6250,'Cash ','12/23/2023','Paid',0,'lXpz573735','m',99),
(979419,50839345,'01/08/2024',6250,'Online Payment','01/23/2024','Paid',0,'lXpz573736','m',100),
(337082,85266939,'11/06/2014',20000,'Cash ','11/21/2014','Paid',0,'rpHy209781','y',1),
(337083,85266939,'11/06/2015',20000,'Credit Card','11/21/2015','Paid',0,'rpHy209782','y',2),
(337084,85266939,'11/06/2016',20000,'Credit Card','11/21/2016','Paid',0,'rpHy209783','y',3),
(337085,85266939,'11/06/2017',20000,'Credit Card','11/21/2017','Paid',0,'rpHy209784','y',4),
(337086,85266939,'11/06/2018',20000,'Credit Card','11/21/2018','Paid',0,'rpHy209785','y',5),
(337087,85266939,'11/06/2019',20000,'Credit Card','11/21/2019','Paid',0,'rpHy209786','y',6),
(337088,85266939,'11/06/2020',20000,'Credit Card','11/21/2020','Paid',0,'rpHy209787','y',7),
(337089,85266939,'11/06/2021',20000,'Credit Card','11/21/2021','Paid',0,'rpHy209788','y',8),
(337090,85266939,'11/06/2022',20000,'Credit Card','11/21/2022','Paid',0,'rpHy209789','y',9),
(337091,85266939,'11/06/2023',20000,'Credit Card','11/21/2023','Paid',0,'rpHy209790','y',10),
(237823,36305840,'07/03/2018',1250,'Online Payment','07/18/2018','Paid',0,'bqAd686020','m',1),
(237824,36305840,'08/03/2018',1250,'Online Payment','08/18/2018','Paid',0,'bqAd686021','m',2),
(237825,36305840,'09/03/2018',1250,'Online Payment','09/18/2018','Paid',0,'bqAd686022','m',3),
(237826,36305840,'10/03/2018',1250,'Online Payment','10/18/2018','Paid',0,'bqAd686023','m',4),
(237827,36305840,'11/03/2018',1250,'Online Payment','11/18/2018','Paid',0,'bqAd686024','m',5),
(237828,36305840,'12/03/2018',1250,'Online Payment','12/18/2018','Paid',0,'bqAd686025','m',6),
(237829,36305840,'01/03/2019',1250,'Online Payment','01/18/2019','Paid',0,'bqAd686026','m',7),
(237830,36305840,'02/03/2019',1250,'Online Payment','02/18/2019','Paid',0,'bqAd686027','m',8),
(237831,36305840,'03/03/2019',1250,'Online Payment','03/18/2019','Paid',0,'bqAd686028','m',9),
(237832,36305840,'04/03/2019',1250,'Online Payment','04/18/2019','Paid',0,'bqAd686029','m',10),
(237833,36305840,'05/03/2019',1250,'Online Payment','05/18/2019','Paid',0,'bqAd686030','m',11),
(237834,36305840,'06/03/2019',1250,'Online Payment','06/18/2019','Paid',0,'bqAd686031','m',12),
(237835,36305840,'07/03/2019',1250,'Online Payment','07/18/2019','Paid',0,'bqAd686032','m',13),
(237836,36305840,'08/03/2019',1250,'Online Payment','08/18/2019','Paid',0,'bqAd686033','m',14),
(237837,36305840,'09/03/2019',1250,'Online Payment','09/18/2019','Paid',0,'bqAd686034','m',15),
(237838,36305840,'10/03/2019',1250,'Online Payment','10/18/2019','Paid',0,'bqAd686035','m',16),
(237839,36305840,'11/03/2019',1250,'Online Payment','11/18/2019','Paid',0,'bqAd686036','m',17),
(237840,36305840,'12/03/2019',1250,'Online Payment','12/18/2019','Paid',0,'bqAd686037','m',18),
(237841,36305840,'01/03/2020',1250,'Online Payment','01/18/2020','Paid',0,'bqAd686038','m',19),
(237842,36305840,'02/03/2020',1250,'Online Payment','02/18/2020','Paid',0,'bqAd686039','m',20),
(237843,36305840,'03/03/2020',1250,'Online Payment','03/18/2020','Paid',0,'bqAd686040','m',21),
(237844,36305840,'04/03/2020',1250,'Online Payment','04/18/2020','Paid',0,'bqAd686041','m',22),
(237845,36305840,'05/03/2020',1250,'Online Payment','05/18/2020','Paid',0,'bqAd686042','m',23),
(237846,36305840,'06/03/2020',1250,'Online Payment','06/18/2020','Paid',0,'bqAd686043','m',24),
(237847,36305840,'07/03/2020',1250,'Online Payment','07/18/2020','Paid',0,'bqAd686044','m',25),
(237848,36305840,'08/03/2020',1250,'Online Payment','08/18/2020','Paid',0,'bqAd686045','m',26),
(237849,36305840,'09/03/2020',1250,'Online Payment','09/18/2020','Paid',0,'bqAd686046','m',27),
(237850,36305840,'10/03/2020',1250,'Online Payment','10/18/2020','Paid',0,'bqAd686047','m',28),
(237851,36305840,'11/03/2020',1250,'Online Payment','11/18/2020','Paid',0,'bqAd686048','m',29),
(237852,36305840,'12/03/2020',1250,'Online Payment','12/18/2020','Paid',0,'bqAd686049','m',30),
(237853,36305840,'01/03/2021',1250,'Online Payment','01/18/2021','Paid',0,'bqAd686050','m',31),
(237854,36305840,'02/03/2021',1250,'Online Payment','02/18/2021','Paid',0,'bqAd686051','m',32),
(237855,36305840,'03/03/2021',1250,'Online Payment','03/18/2021','Paid',0,'bqAd686052','m',33),
(237856,36305840,'04/03/2021',1250,'Online Payment','04/18/2021','Paid',0,'bqAd686053','m',34),
(237857,36305840,'05/03/2021',1250,'Online Payment','05/18/2021','Paid',0,'bqAd686054','m',35),
(237858,36305840,'06/03/2021',1250,'Online Payment','06/18/2021','Paid',0,'bqAd686055','m',36),
(237859,36305840,'07/03/2021',1250,'Online Payment','07/18/2021','Paid',0,'bqAd686056','m',37),
(237860,36305840,'08/03/2021',1250,'Online Payment','08/18/2021','Paid',0,'bqAd686057','m',38),
(237861,36305840,'09/03/2021',1250,'Online Payment','09/18/2021','Paid',0,'bqAd686058','m',39),
(237862,36305840,'10/03/2021',1250,'Online Payment','10/18/2021','Paid',0,'bqAd686059','m',40),
(237863,36305840,'11/03/2021',1250,'Online Payment','11/18/2021','Paid',0,'bqAd686060','m',41),
(237864,36305840,'12/03/2021',1250,'Online Payment','12/18/2021','Paid',0,'bqAd686061','m',42),
(237865,36305840,'01/03/2022',1250,'Online Payment','01/18/2022','Paid',0,'bqAd686062','m',43),
(237866,36305840,'02/03/2022',1250,'Online Payment','02/18/2022','Paid',0,'bqAd686063','m',44),
(237867,36305840,'03/03/2022',1250,'Online Payment','03/18/2022','Paid',0,'bqAd686064','m',45),
(237868,36305840,'04/03/2022',1250,'Online Payment','04/18/2022','Paid',0,'bqAd686065','m',46),
(237869,36305840,'05/03/2022',1250,'Online Payment','05/18/2022','Paid',0,'bqAd686066','m',47),
(237870,36305840,'06/03/2022',1250,'Online Payment','06/18/2022','Paid',0,'bqAd686067','m',48),
(237871,36305840,'07/03/2022',1250,'Online Payment','07/18/2022','Paid',0,'bqAd686068','m',49),
(237872,36305840,'08/03/2022',1250,'Online Payment','08/18/2022','Paid',0,'bqAd686069','m',50),
(237873,36305840,'09/03/2022',1250,'Online Payment','09/18/2022','Paid',0,'bqAd686070','m',51),
(237874,36305840,'10/03/2022',1250,'Online Payment','10/18/2022','Paid',0,'bqAd686071','m',52),
(237875,36305840,'11/03/2022',1250,'Online Payment','11/18/2022','Paid',0,'bqAd686072','m',53),
(237876,36305840,'12/03/2022',1250,'Online Payment','12/18/2022','Paid',0,'bqAd686073','m',54),
(237877,36305840,'01/03/2023',1250,'Online Payment','01/18/2023','Paid',0,'bqAd686074','m',55),
(237878,36305840,'02/03/2023',1250,'Online Payment','02/18/2023','Paid',0,'bqAd686075','m',56),
(237879,36305840,'03/03/2023',1250,'Online Payment','03/18/2023','Paid',0,'bqAd686076','m',57),
(237880,36305840,'04/03/2023',1250,'Online Payment','04/18/2023','Paid',0,'bqAd686077','m',58),
(237881,36305840,'05/03/2023',1250,'Online Payment','05/18/2023','Paid',0,'bqAd686078','m',59),
(237882,36305840,'06/03/2023',1250,'Online Payment','06/18/2023','Paid',0,'bqAd686079','m',60),
(237883,36305840,'07/03/2023',1250,'Online Payment','07/18/2023','Paid',0,'bqAd686080','m',61),
(237884,36305840,'08/03/2023',1250,'Online Payment','08/18/2023','Paid',0,'bqAd686081','m',62),
(237885,36305840,'09/03/2023',1250,'Online Payment','09/18/2023','Paid',0,'bqAd686082','m',63),
(237886,36305840,'10/03/2023',1250,'Online Payment','10/18/2023','Paid',0,'bqAd686083','m',64),
(237887,36305840,'11/03/2023',1250,'Online Payment','11/18/2023','Paid',0,'bqAd686084','m',65),
(237888,36305840,'12/03/2023',1250,'Online Payment','12/18/2023','Paid',0,'bqAd686085','m',66),
(237889,36305840,'01/03/2024',1250,'Online Payment','01/18/2024','Paid',0,'bqAd686086','m',67);

SELECT * FROM Premium;

